﻿<?xml version="1.0" encoding="utf-8" standalone="yes"?>
<addon id="repository.googlecode.xbmc-catchuptv-au"
name="googlecode.xbmc-catchuptv-au Add-ons" version="0.1.0"
provider-name="adammw111">
  <extension point="xbmc.addon.repository"
  name="googlecode.xbmc-catchuptv-au Add-on Repository">
    <info compressed="false">
    https://repo.xbmc-catchuptv-au.googlecode.com/hg/addons.xml</info>
    <checksum>
    https://repo.xbmc-catchuptv-au.googlecode.com/hg/addons.xml.md5</checksum>
    <datadir zip="true">
    https://repo.xbmc-catchuptv-au.googlecode.com/hg/</datadir>
  </extension>
  <extension point="xbmc.addon.metadata">
    <summary>Install Add-ons from
    googlecode.xbmc-catchuptv-au</summary>
    <description>Download and install add-ons from
    googlecode.xbmc-catchuptv-au addon repository.[CR][CR]By using
    this Repository you will be able to download and use the latest
    version of the Catch-up TV Plugins.</description>
    <disclaimer>Adammw111 did not make all the add-ons on this
    repository and is not responsible for their
    content</disclaimer>
    <platform>all</platform>
  </extension>
</addon>
