<?xml version="1.0" ?><addon id="plugin.video.afl-video" name="AFL Video" provider-name="Aussie Add-ons" version="1.8.3">
  <requires>
    <import addon="xbmc.python" version="2.1.0"/>
    <import addon="script.module.aussieaddonscommon"/>
    <import addon="script.module.beautifulsoup4"/>
    <import addon="script.module.requests"/>
    <import addon="script.common.plugin.cache"/>
  </requires>
  <extension library="default.py" point="xbmc.python.pluginsource" provides="video">
   <provides>video</provides>
  </extension>
  <extension point="xbmc.addon.metadata">
    <assets>
      <icon>icon.png</icon>
      <fanart>fanart.jpg</fanart>
    </assets>
    <summary>AFL Video by Aussie Add-ons</summary>
    <description>Watch the latest AFL replays, news and match reports. Live streaming available with a valid AFL Live Pass</description>
    <website>http://aussieaddons.com/addons/afl/</website>
    <source>https://github.com/xbmc-catchuptv-au/plugin.video.afl-video</source>
    <disclaimer>This plugin is not affiliated with the AFL in any way.</disclaimer>
    <provides>video</provides>
    <platform>all</platform>
    <license>GNU GENERAL PUBLIC LICENSE Version 3, 29 June 2007</license>
  </extension>
</addon>