<?xml version="1.0" ?><addon id="plugin.video.plus7" name="Plus7" provider-name="Andy Botting" version="3.1.1">
  <requires>
    <import addon="xbmc.python" version="2.1.0"/>
    <import addon="script.module.simplejson"/>
  </requires>
  <extension library="default.py" point="xbmc.python.pluginsource" provides="video">
    <provides>video</provides>
  </extension>
  <extension library="default.py" point="xbmc.addon.metadata">
    <summary>Plus7 addon by Andy Botting</summary>
    <description>PLUS7 offers video streaming of full length episodes as seen on Seven, 7TWO and other content partners - just hit the play button and you can watch high quality, full screen videos straightaway without having to wait for downloads.</description>
    <provides>video</provides>
    <platform>all</platform>
  </extension>
</addon>