<?xml version="1.0" encoding="UTF-8" standalone="yes"?>
<addon id="plugin.video.afl-video" name="AFL Video" version="0.5" provider-name="Andy Botting">
   <requires>
      <import addon="xbmc.python" version="1.0"/>
      <import addon="script.module.simplejson"/>
   </requires>
   <extension point="xbmc.python.pluginsource" provides="video" library="default.py">
    <provides>video</provides>
  </extension>
   <extension point="xbmc.addon.metadata">
      <summary>AFL Video</summary>
      <description>Watch the latest AFL replays and post match press reports.</description>
      <disclaimer>This plugin is not affiliated with the AFL or Bigpond Video in any way.</disclaimer>
      <provides>video</provides>
      <platform>all</platform>
      <license>GPL 3</license>
   </extension>
</addon>
