<?xml version="1.0" encoding="UTF-8" standalone="yes"?>
<addon id="repository.googlecode.xbmc-catchuptv-au" name="XBMC CatchupTV AU Add-ons" version="1.2" provider-name="XBMC CatchupTV AU">
  <extension point="xbmc.addon.repository" name="XBMC CatchupTV AU Add-on Repository">
    <info compressed="false">https://raw.github.com/xbmc-catchuptv-au/repo/master/addons.xml</info>
    <checksum>https://raw.github.com/xbmc-catchuptv-au/repo/master/addons.xml.md5</checksum>
    <datadir zip="true">https://github.com/xbmc-catchuptv-au/repo/raw/master/</datadir>
  </extension>
  <extension point="xbmc.addon.metadata">
    <summary>Install CatchupTV AU Add-ons</summary>
    <description>Download and install add-ons from the CatchupTV AU repository.[CR][CR]By using this repository you will be able to download and use the latest version of the Catch-UP TV plugins and other Australian based content.</description>
    <platform>all</platform>
  </extension>
</addon>


