<?xml version="1.0" ?><addon id="plugin.video.afl-video" name="AFL Video" provider-name="Andy Botting" version="1.8.2">
   <requires>
      <import addon="xbmc.python" version="2.1.0"/>
      <import addon="script.module.beautifulsoup4"/>
      <import addon="script.module.requests"/>
      <import addon="script.common.plugin.cache"/>
   </requires>
   <extension library="default.py" point="xbmc.python.pluginsource" provides="video">
    <provides>video</provides>
  </extension>
   <extension point="xbmc.addon.metadata">
      <summary>AFL Video</summary>
      <description>Watch the latest AFL replays, news and match reports. Live streaming available with a valid AFL Live Pass</description>
      <disclaimer>This plugin is not affiliated with the AFL in any way.</disclaimer>
      <provides>video</provides>
      <platform>all</platform>
      <license>GPL 3</license>
   </extension>
</addon>