<?xml version="1.0" ?><addon id="plugin.video.catchuptv.au.ten" name="TENplay" provider-name="adammw111" version="0.5.9">
    <requires>
        <import addon="xbmc.python" version="2.1.0"/>
        <import addon="script.module.simplejson"/>
        <import addon="script.module.beautifulsoup"/>
        <import addon="script.module.rollbar"/>
        <!--
        We use our own copy until https://github.com/jbeluch/python-brightcove/pull/2 is merged
        <import addon="script.module.brightcove"/>
        -->
        <import addon="script.module.xbmcswift2" version="2.4.0"/>
    </requires>
    <extension library="default.py" point="xbmc.python.pluginsource">
        <provides>video</provides>
    </extension>
    <extension point="xbmc.addon.metadata">
        <platform>all</platform>
        <minversion>31542</minversion>
        <summary>TENplay</summary>
        <description>Watch latest episodes, sneak peeks, exclusive internet extras and other videos from Network Ten.</description>
        <disclaimer>You must be within Australia to use watch these videos.[CR]The TENplay, TEN, ONE and ELEVEN logo and trade marks are registered trademarks of Network Ten Pty Limited.</disclaimer>
        <email>adman.com@gmail.com</email>
        <source>https://github.com/xbmc-catchuptv-au/plugin.video.catchuptv.au.ten.git</source>
        <website>https://github.com/xbmc-catchuptv-au/plugin.video.catchuptv.au.ten</website>
    </extension>
</addon>