<?xml version="1.0" ?><addon id="plugin.video.abc_iview" name="ABC iView" provider-name="Andy Botting" version="1.7.6">
  <requires>
    <import addon="xbmc.python" version="2.1.0"/>
    <import addon="script.common.plugin.cache"/>
    <import addon="script.module.beautifulsoup"/>
  </requires>
  <extension library="default.py" point="xbmc.python.pluginsource" provides="video">
    <provides>video</provides>
  </extension>
  <extension library="default.py" point="xbmc.addon.metadata">
    <summary>ABC iView add-on by Andy Botting</summary>
    <description>iView offers full-length programs as seen on ABC TV, and iView originals ranging from arts to anime. Programs are added every day; most programs are available for 14 days. You must be located in Australia to access content. NOTE: This will count towards your Internet usage quota.</description>
    <provides>video</provides>
    <platform>all</platform>
  </extension>
</addon>