<?xml version="1.0" encoding="UTF-8"?>
<addon
  id="plugin.video.abc_iview"
  name="ABC iView"
  version="1.0.1"
  provider-name="Andy Botting">
  <requires>
    <import addon="xbmc.python" version="1.0"/>
  </requires>
  <extension point="xbmc.python.pluginsource"
             provides="video"
             library="default.py">
    <provides>video</provides>
  </extension>
  <extension 
    point="xbmc.addon.metadata"
    library="default.py">
    <summary>ABC iView script by Andy Botting</summary>
    <description>iView offers full-length programs as seen on ABC TV, and iView originals ranging from arts to anime. Programs are added every day; most programs are available for 14 days. You must be located in Australia to access content.</description>
    <provides>video</provides>
    <platform>all</platform>
  </extension>
</addon>
