<?xml version="1.0" ?><addon id="repository.googlecode.xbmc-catchuptv-au" name="Aussie Add-ons (formerly XBMC CatchupTV AU)" provider-name="Aussie Add-ons" version="1.5">
  <extension name="Aussie Add-ons Repository" point="xbmc.addon.repository">
    <info compressed="false">https://raw.github.com/xbmc-catchuptv-au/repo/master/addons.xml</info>
    <checksum>https://raw.github.com/xbmc-catchuptv-au/repo/master/addons.xml.md5</checksum>
    <datadir zip="true">https://github.com/xbmc-catchuptv-au/repo/raw/master/</datadir>
  </extension>
  <extension point="xbmc.addon.metadata">
    <summary>Install Aussie Add-ons (formerly XBMC CatchupTV AU)</summary>
    <description>Download and install add-ons from the Aussie Add-ons repository. See http://aussieaddons.com for more information.</description>
    <platform>all</platform>
  </extension>
</addon>

