<?xml version="1.0" ?><addon id="plugin.video.nrl-live" name="NRL Live" provider-name="Glenn Guy" version="1.1.3">
  <requires>
    <import addon="xbmc.python" version="2.1.0"/>
    <import addon="script.module.requests"/>
    <import addon="script.module.beautifulsoup4"/>
  </requires>
  <extension library="default.py" point="xbmc.python.pluginsource" provides="video">
    <provides>video</provides>
  </extension>
  <extension library="default.py" point="xbmc.addon.metadata">
    <summary>NRL Live add-on</summary>
    <description>NRL Live allows subscribers of Telstra's NRL Digital Pass to stream live matches, match replays, and many other videos offered by this service.</description>
    <provides>video</provides>
    <platform>all</platform>
  </extension>
</addon>