﻿<?xml version="1.0" encoding="UTF-8" standalone="yes"?>
<addon id="repository.googlecode.xbmc-catchuptv-au" name="XBMC CatchupTV AU Addons" version="1.0" provider-name="XBMC CatchupTV AU">
	<extension point="xbmc.addon.repository" name="t0mm0's XBMC Addon Repository">
		<info compressed="false">http://raw.github.com/xbmc-catchuptv-au/repo/master/addons.xml</info>
		<checksum>http://raw.github.com/xbmc-catchuptv-au/repo/master/addons.xml.md5</checksum>
		<datadir zip="true">http://github.com/xbmc-catchuptv-au/repo/raw/master/repo/</datadir>
	</extension>
	<extension point="xbmc.addon.metadata">
		<summary>Install CatchupTV AU Addons</summary>
		<description>Download and install addons from the CatchupTV AU repository.[CR][CR]By using this repository you will be able to download and use the latest version of the Catch-UP TV plugins and other Australian based content.</description>
		<platform>all</platform>
	</extension>
</addon>

