<?xml version='1.0' encoding='UTF-8'?>
<addon id="script.module.customsession" name="Aussie Addons Custom Session" provider-name="Aussie Addons" version="1.0.1">
  <requires>
    <import addon="xbmc.python" version="2.1.0" />
  </requires>
  <extension library="lib" point="xbmc.python.module" />
  <extension point="xbmc.addon.metadata">
    <assets>
      <icon>icon.png</icon>
    </assets>
    <summary>Custom Requests Session for Aussie Addons</summary>
    <description>Custom Requests Session for Aussie Addons</description>
    <website />
    <source>https://github.com/xbmc-catchuptv-au/script.module.customsession</source>
    <platform>all</platform>
    <license>GNU GENERAL PUBLIC LICENSE Version 3, 29 June 2007</license>
  <news>[B]Version v1.0.1[/B]
- Fix undefined name
  
[B]Version v1.0.0[/B]
- Initial version
</news></extension>
</addon>