<?xml version="1.0" encoding="UTF-8" standalone="yes"?>
<addon id="plugin.video.live.au.abc_news24" name="ABC News 24" version="0.1.0" provider-name="adammw111">
    <requires>
        <import addon="xbmc.python" version="1.0"/>
    </requires>
    <extension point="xbmc.python.pluginsource" library="addon.py">
        <provides>video</provides>
    </extension>
    <extension point="xbmc.addon.metadata">
        <platform>all</platform>
        <minversion>31542</minversion>
    </extension>
</addon>
